0,1
dataset\archive\dataset\a01-003-s02-02.png,and that Labour should not take any steps
dataset\archive\dataset\a01-007-s01-03.png,Labour has to have an adequate number of
dataset\archive\dataset\a01-003-s01-02.png,opposed the Government Bill which brought
dataset\archive\dataset\a01-003-s01-00.png,Mr.
dataset\archive\dataset\a01-000u-s00-02.png,is to be made at a meeting of Labour
dataset\archive\dataset\a01-003u-s02-03.png,"which would appear to "" prop up "" an out-"
dataset\archive\dataset\a01-003-s01-03.png,"life peers into existence , they should not"
dataset\archive\dataset\a01-003u-s00-02.png,Ps are likely to turn down the Foot-
dataset\archive\dataset\a01-003-s01-01.png,Ps
dataset\archive\dataset\a01-003u-s01-04.png,forward nominees .
dataset\archive\dataset\a01-003x-s02-03.png,"appear to "" prop up "" an out-dated institution ."
dataset\archive\dataset\a01-003x-s02-00.png,He believes
dataset\archive\dataset\a01-003u-s00-00.png,Though they may gather some Left-wing
dataset\archive\dataset\a01-000x-s01-00.png,Mr. Michael
dataset\archive\dataset\a01-003x-s01-03.png,should not now put forward nominees .
dataset\archive\dataset\a01-003u-s02-00.png,He believes that the
dataset\archive\dataset\a01-003u-s01-03.png,"into existence , they should not now put"
dataset\archive\dataset\a01-007-s02-00.png,THE two rival African Nationalist
dataset\archive\dataset\a01-007-s00-00.png,"Since 1958 , 13 Labour life Peers and"
dataset\archive\dataset\a01-003-s02-01.png,that the House of Lords should be abolished
dataset\archive\dataset\a01-000x-s01-02.png,"and he is to be backed by Mr. Will Griffiths ,"
dataset\archive\dataset\a01-000u-s01-01.png,put down a resolution on the subject
dataset\archive\dataset\a01-007-s01-02.png,"of the House of Lords , but while it remains"
dataset\archive\dataset\a01-007-s01-00.png,Most Labour
dataset\archive\dataset\a01-003-s00-01.png,Ps are likely to
dataset\archive\dataset\a01-003x-s02-02.png,that Labour should not take any steps which would
dataset\archive\dataset\a01-007-s01-04.png,members .
dataset\archive\dataset\a01-003u-s01-02.png,Government Bill which brought life peers
dataset\archive\dataset\a01-003u-s01-01.png,Ps opposed the
dataset\archive\dataset\a01-000u-s00-00.png,A MOVE to stop Mr. Gaitskell from
dataset\archive\dataset\a01-003x-s00-01.png,Ps are likely to turn
dataset\archive\dataset\a01-003x-s01-02.png,"ment Bill which brought life peers into existence , they"
dataset\archive\dataset\a01-000u-s00-01.png,nominating any more Labour life Peers
dataset\archive\dataset\a01-003-s02-00.png,He believes
dataset\archive\dataset\a01-000x-s00-02.png,Ps tomorrow .
dataset\archive\dataset\a01-000x-s00-01.png,any more Labour life Peers is to be made at a
dataset\archive\dataset\a01-003-s00-00.png,"Though they may gather some Left-wing support , a"
dataset\archive\dataset\a01-003x-s02-01.png,that the House of Lords should be abolished and
dataset\archive\dataset\a01-003-s01-04.png,now put forward nominees .
dataset\archive\dataset\a01-003u-s02-02.png,that Labour should not take any steps
dataset\archive\dataset\a01-003u-s02-01.png,House of Lords should be abolished and
dataset\archive\dataset\a01-003-s02-04.png,institution .
dataset\archive\dataset\a01-007-s00-01.png,Peeresses have been created .
dataset\archive\dataset\a01-000x-s01-03.png,P for Manchester Exchange .
dataset\archive\dataset\a01-000u-s01-03.png,P for Manchester Exchange .
